CoverageA,CoverageACount,CoverageB,CoverageBCount,CoverageX,CoverageXCount,CoverageY,CoverageYCount,Effect size,Iteration,Sampling Rate,Test,Value,p
1.0,10.0,1.0,10.0,0.56,14.0,0.76,19.0,0.980046747694,0,0.5,Pleasantness/Flowers,0.0390973785103,0.001476
1.0,5.0,1.0,5.0,1.0,7.0,1.0,7.0,1.47875147459,0,0.5,Gender/Career,0.0896282465463,0.001173
1.0,10.0,1.0,10.0,1.0,10.0,0.9,9.0,1.15446103578,0,0.5,Unpleasantness/Asian,0.0363659637659,0.00361
1.0,10.0,1.0,10.0,1.0,10.0,0.9,9.0,1.76329536061,0,0.5,Unpleasantness/Turkish,0.0483732134818,0.0
1.0,10.0,1.0,10.0,1.0,6.0,1.0,6.0,1.40032136118,0,0.5,Unpleasantness/Islam,0.0441271431589,0.005398
1.0,5.0,1.0,5.0,1.0,13.0,0.923076923077,12.0,-0.268952654026,0,0.5,Gender/Competence,-0.00698181053456,0.742856
1.0,8.0,1.0,8.0,1.0,6.0,1.0,7.0,0.918372940339,0,0.5,Gender/Sciences,0.0251613221785,0.04588
1.0,10.0,1.0,10.0,0.56,14.0,0.72,18.0,0.825959938955,1,0.5,Pleasantness/Flowers,0.0388686334881,0.002102
1.0,5.0,1.0,5.0,1.0,7.0,1.0,7.0,1.65066990148,1,0.5,Gender/Career,0.0896282465463,0.00118
1.0,10.0,1.0,10.0,1.0,10.0,0.9,9.0,1.3575449173,1,0.5,Unpleasantness/Asian,0.0363659637659,0.003801
1.0,10.0,1.0,10.0,1.0,10.0,0.9,9.0,1.57240383045,1,0.5,Unpleasantness/Turkish,0.0483732134818,0.0
1.0,10.0,1.0,10.0,1.0,6.0,1.0,6.0,1.43476696182,1,0.5,Unpleasantness/Islam,0.0441271431589,0.005503
1.0,5.0,1.0,5.0,1.0,13.0,0.923076923077,12.0,0.602229572388,1,0.5,Gender/Competence,-0.00698181053456,0.743852
1.0,8.0,1.0,8.0,1.0,6.0,1.0,7.0,1.37681235838,1,0.5,Gender/Sciences,0.0251613221785,0.04597
1.0,10.0,1.0,10.0,0.6,15.0,0.76,19.0,1.25087160918,2,0.5,Pleasantness/Flowers,0.0413663719508,0.000727
1.0,5.0,1.0,5.0,1.0,7.0,1.0,7.0,1.36097048282,2,0.5,Gender/Career,0.0896282465463,0.001219
1.0,10.0,1.0,10.0,1.0,10.0,0.9,9.0,0.851943393093,2,0.5,Unpleasantness/Asian,0.0363659637659,0.003768
1.0,10.0,1.0,10.0,1.0,10.0,0.9,9.0,1.49855179087,2,0.5,Unpleasantness/Turkish,0.0483732134818,0.0
1.0,10.0,1.0,10.0,1.0,6.0,1.0,6.0,1.01370733328,2,0.5,Unpleasantness/Islam,0.0441271431589,0.005531
1.0,5.0,1.0,5.0,1.0,13.0,0.923076923077,12.0,0.116342901226,2,0.5,Gender/Competence,-0.00698181053456,0.742515
1.0,8.0,1.0,8.0,1.0,6.0,1.0,7.0,0.813159926945,2,0.5,Gender/Sciences,0.0251613221785,0.04572
1.0,10.0,1.0,10.0,0.6,15.0,0.76,19.0,1.00638870902,3,0.5,Pleasantness/Flowers,0.0413663719508,0.000713
1.0,5.0,1.0,5.0,1.0,7.0,1.0,7.0,0.960008165247,3,0.5,Gender/Career,0.0896282465463,0.001159
1.0,10.0,1.0,10.0,1.0,10.0,0.9,9.0,1.10900737814,3,0.5,Unpleasantness/Asian,0.0363659637659,0.003658
1.0,10.0,1.0,10.0,1.0,10.0,0.9,9.0,1.62353370392,3,0.5,Unpleasantness/Turkish,0.0483732134818,0.0
1.0,10.0,1.0,10.0,1.0,6.0,1.0,6.0,1.30243019366,3,0.5,Unpleasantness/Islam,0.0441271431589,0.005369
1.0,5.0,1.0,5.0,1.0,13.0,0.923076923077,12.0,1.07139755118,3,0.5,Gender/Competence,-0.00698181053456,0.743342
1.0,8.0,1.0,8.0,1.0,6.0,1.0,7.0,0.770640383678,3,0.5,Gender/Sciences,0.0251613221785,0.046082
1.0,10.0,1.0,10.0,0.56,14.0,0.76,19.0,1.02216883789,4,0.5,Pleasantness/Flowers,0.0390973785103,0.001478
1.0,5.0,1.0,5.0,1.0,7.0,1.0,7.0,1.34097877221,4,0.5,Gender/Career,0.0896282465463,0.001175
1.0,10.0,1.0,10.0,1.0,10.0,0.9,9.0,1.39397090093,4,0.5,Unpleasantness/Asian,0.0363659637659,0.00389
1.0,10.0,1.0,10.0,1.0,10.0,0.9,9.0,1.63248007774,4,0.5,Unpleasantness/Turkish,0.0483732134818,0.0
1.0,10.0,1.0,10.0,1.0,6.0,1.0,6.0,1.41238022111,4,0.5,Unpleasantness/Islam,0.0441271431589,0.005509
1.0,5.0,1.0,5.0,1.0,13.0,0.923076923077,12.0,-0.0963956744724,4,0.5,Gender/Competence,-0.00698181053456,0.742516
1.0,8.0,1.0,8.0,1.0,6.0,0.857142857143,6.0,1.37977462676,4,0.5,Gender/Sciences,0.033189250816,0.009601
1.0,10.0,1.0,10.0,0.56,14.0,0.76,19.0,1.15507002875,5,0.5,Pleasantness/Flowers,0.0390973785103,0.001443
1.0,5.0,1.0,5.0,1.0,7.0,1.0,7.0,1.34140357741,5,0.5,Gender/Career,0.0896282465463,0.001135
1.0,10.0,1.0,10.0,1.0,10.0,0.9,9.0,1.21942974883,5,0.5,Unpleasantness/Asian,0.0363659637659,0.003736
1.0,10.0,1.0,10.0,1.0,10.0,0.9,9.0,1.49650173506,5,0.5,Unpleasantness/Turkish,0.0483732134818,0.0
1.0,10.0,1.0,10.0,1.0,6.0,1.0,6.0,1.39875894145,5,0.5,Unpleasantness/Islam,0.0441271431589,0.005413
1.0,5.0,1.0,5.0,1.0,13.0,0.923076923077,12.0,0.242599892803,5,0.5,Gender/Competence,-0.00698181053456,0.742787
1.0,8.0,1.0,8.0,1.0,6.0,0.857142857143,6.0,1.19797475073,5,0.5,Gender/Sciences,0.033189250816,0.009859
1.0,10.0,1.0,10.0,0.6,15.0,0.76,19.0,0.98733472364,6,0.5,Pleasantness/Flowers,0.0413663719508,0.000751
1.0,5.0,1.0,5.0,1.0,7.0,1.0,7.0,1.09374792547,6,0.5,Gender/Career,0.0896282465463,0.001093
1.0,10.0,1.0,10.0,1.0,10.0,0.9,9.0,1.3802872423,6,0.5,Unpleasantness/Asian,0.0363659637659,0.003675
1.0,10.0,1.0,10.0,1.0,10.0,0.9,9.0,1.4506744384,6,0.5,Unpleasantness/Turkish,0.0483732134818,0.0
1.0,10.0,1.0,10.0,1.0,6.0,1.0,6.0,1.57146704326,6,0.5,Unpleasantness/Islam,0.0441271431589,0.00532
1.0,5.0,1.0,5.0,1.0,13.0,0.923076923077,12.0,-0.0177633635158,6,0.5,Gender/Competence,-0.00698181053456,0.74313
1.0,8.0,1.0,8.0,1.0,6.0,1.0,7.0,1.06588636639,6,0.5,Gender/Sciences,0.0251613221785,0.046096
1.0,10.0,1.0,10.0,0.56,14.0,0.76,19.0,0.939538791817,7,0.5,Pleasantness/Flowers,0.0390973785103,0.001409
1.0,5.0,1.0,5.0,1.0,7.0,1.0,7.0,1.16952519886,7,0.5,Gender/Career,0.0896282465463,0.001184
1.0,10.0,1.0,10.0,1.0,10.0,0.9,9.0,0.906352436567,7,0.5,Unpleasantness/Asian,0.0363659637659,0.003723
1.0,10.0,1.0,10.0,1.0,10.0,1.0,10.0,1.59119093512,7,0.5,Unpleasantness/Turkish,0.0522125948686,0.0
1.0,10.0,1.0,10.0,1.0,6.0,1.0,6.0,1.49605931436,7,0.5,Unpleasantness/Islam,0.0441271431589,0.005357
1.0,5.0,1.0,5.0,1.0,13.0,0.923076923077,12.0,-0.577570519007,7,0.5,Gender/Competence,-0.00698181053456,0.743559
1.0,8.0,1.0,8.0,1.0,6.0,0.857142857143,6.0,1.43486176691,7,0.5,Gender/Sciences,0.033189250816,0.009796
1.0,10.0,1.0,10.0,0.6,15.0,0.76,19.0,0.9792953111,8,0.5,Pleasantness/Flowers,0.0413663719508,0.000732
1.0,5.0,1.0,5.0,1.0,7.0,1.0,7.0,1.34342500346,8,0.5,Gender/Career,0.0896282465463,0.001196
1.0,10.0,1.0,10.0,1.0,10.0,0.9,9.0,1.28090243024,8,0.5,Unpleasantness/Asian,0.0363659637659,0.003736
1.0,10.0,1.0,10.0,1.0,10.0,0.9,9.0,1.61106449355,8,0.5,Unpleasantness/Turkish,0.0483732134818,0.0
1.0,10.0,1.0,10.0,1.0,6.0,1.0,6.0,1.30522683568,8,0.5,Unpleasantness/Islam,0.0441271431589,0.00538
1.0,5.0,1.0,5.0,1.0,13.0,0.923076923077,12.0,-0.046278119263,8,0.5,Gender/Competence,-0.00698181053456,0.743138
1.0,8.0,1.0,8.0,1.0,6.0,1.0,7.0,0.935271184744,8,0.5,Gender/Sciences,0.0251613221785,0.045957
1.0,10.0,1.0,10.0,0.56,14.0,0.76,19.0,0.907391187662,9,0.5,Pleasantness/Flowers,0.0390973785103,0.001475
1.0,5.0,1.0,5.0,1.0,7.0,1.0,7.0,1.14337373665,9,0.5,Gender/Career,0.0896282465463,0.00117
1.0,10.0,1.0,10.0,1.0,10.0,0.9,9.0,1.33267415024,9,0.5,Unpleasantness/Asian,0.0363659637659,0.003748
1.0,10.0,1.0,10.0,1.0,10.0,0.9,9.0,1.64736300451,9,0.5,Unpleasantness/Turkish,0.0483732134818,0.0
1.0,10.0,1.0,10.0,1.0,6.0,1.0,6.0,1.34983225307,9,0.5,Unpleasantness/Islam,0.0441271431589,0.005396
1.0,5.0,1.0,5.0,1.0,13.0,0.923076923077,12.0,-0.0716763433458,9,0.5,Gender/Competence,-0.00698181053456,0.743108
1.0,8.0,1.0,8.0,1.0,6.0,1.0,7.0,1.25489279951,9,0.5,Gender/Sciences,0.0251613221785,0.045646
0.9,9.0,0.8,8.0,0.04,1.0,0.2,5.0,1.16226423298,10,0.01,Pleasantness/Flowers,0.0528976777258,0.166544
1.0,5.0,0.8,4.0,0.857142857143,6.0,1.0,7.0,1.28391539492,10,0.01,Gender/Career,0.0764826986739,0.009462
0.9,9.0,0.8,8.0,1.0,10.0,0.1,1.0,-1.63754314893,10,0.01,Unpleasantness/Asian,-0.0347984233186,0.908755
0.9,9.0,0.8,8.0,1.0,10.0,0.7,7.0,1.47434504117,10,0.01,Unpleasantness/Turkish,0.0601595627815,0.000874
0.9,9.0,0.8,8.0,0.833333333333,5.0,0.5,3.0,1.71863153336,10,0.01,Unpleasantness/Islam,0.0777631294569,0.0
0.8,4.0,0.0,0.0,0.692307692308,9.0,0.153846153846,2.0,,10,0.01,Gender/Competence,,
1.0,8.0,1.0,8.0,0.666666666667,4.0,0.714285714286,5.0,0.651876164999,10,0.01,Gender/Sciences,0.00841433224268,0.167023
0.9,9.0,0.8,8.0,0.04,1.0,0.16,4.0,1.3989338517,11,0.01,Pleasantness/Flowers,0.0634871359345,0.0
1.0,5.0,0.8,4.0,0.857142857143,6.0,1.0,7.0,1.36535975047,11,0.01,Gender/Career,0.0764826986739,0.009417
0.9,9.0,0.8,8.0,1.0,10.0,0.2,2.0,1.8358038562,11,0.01,Unpleasantness/Asian,0.0157833374118,0.24455
0.9,9.0,0.8,8.0,1.0,10.0,0.6,6.0,1.58494455044,11,0.01,Unpleasantness/Turkish,0.0663769849744,0.000898
0.9,9.0,0.8,8.0,0.833333333333,5.0,0.666666666667,4.0,1.26517748991,11,0.01,Unpleasantness/Islam,0.0822604703588,0.0
0.8,4.0,0.0,0.0,0.692307692308,9.0,0.230769230769,3.0,,11,0.01,Gender/Competence,,
1.0,8.0,1.0,8.0,0.666666666667,4.0,0.714285714286,5.0,0.826550306405,11,0.01,Gender/Sciences,0.00841433224268,0.166488
0.9,9.0,0.8,8.0,0.04,1.0,0.16,4.0,1.10637057876,12,0.01,Pleasantness/Flowers,0.0593456268673,0.199714
1.0,5.0,0.8,4.0,0.857142857143,6.0,1.0,7.0,1.13760135446,12,0.01,Gender/Career,0.0764826986739,0.009431
0.9,9.0,0.8,8.0,1.0,10.0,0.1,1.0,0.560697140151,12,0.01,Unpleasantness/Asian,-0.0347984233186,0.909325
0.9,9.0,0.8,8.0,1.0,10.0,0.5,5.0,1.61021032469,12,0.01,Unpleasantness/Turkish,0.0624402648006,0.002293
0.9,9.0,0.8,8.0,0.833333333333,5.0,0.5,3.0,1.56734758492,12,0.01,Unpleasantness/Islam,0.0777631294569,0.0
0.6,3.0,0.0,0.0,0.692307692308,9.0,0.230769230769,3.0,,12,0.01,Gender/Competence,,
1.0,8.0,1.0,8.0,0.666666666667,4.0,0.714285714286,5.0,0.346471981183,12,0.01,Gender/Sciences,0.00841433224268,0.16629
0.9,9.0,0.8,8.0,0.04,1.0,0.12,3.0,0.918500996338,13,0.01,Pleasantness/Flowers,0.0830838275142,0.0
1.0,5.0,0.8,4.0,0.857142857143,6.0,1.0,7.0,1.42913981294,13,0.01,Gender/Career,0.0764826986739,0.00962
0.9,9.0,0.8,8.0,1.0,10.0,0.1,1.0,1.42605228783,13,0.01,Unpleasantness/Asian,-0.0347984233186,0.909553
0.9,9.0,0.8,8.0,1.0,10.0,0.4,4.0,1.91235983871,13,0.01,Unpleasantness/Turkish,0.072592042543,0.001423
0.9,9.0,0.8,8.0,0.833333333333,5.0,0.666666666667,4.0,1.45117734633,13,0.01,Unpleasantness/Islam,0.0822604703588,0.0
0.6,3.0,0.0,0.0,0.615384615385,8.0,0.230769230769,3.0,,13,0.01,Gender/Competence,,
1.0,8.0,1.0,8.0,0.666666666667,4.0,0.714285714286,5.0,0.980847986292,13,0.01,Gender/Sciences,0.00841433224268,0.166616
0.9,9.0,0.8,8.0,0.04,1.0,0.16,4.0,1.0662968378,14,0.01,Pleasantness/Flowers,0.0593456268673,0.199974
1.0,5.0,0.8,4.0,0.857142857143,6.0,1.0,7.0,1.37073261805,14,0.01,Gender/Career,0.0764826986739,0.009549
0.9,9.0,0.8,8.0,1.0,10.0,0.1,1.0,2.49604250056,14,0.01,Unpleasantness/Asian,-0.0347984233186,0.909441
0.9,9.0,0.8,8.0,1.0,10.0,0.6,6.0,1.74864392679,14,0.01,Unpleasantness/Turkish,0.0663769849744,0.000902
0.9,9.0,0.8,8.0,0.833333333333,5.0,0.5,3.0,1.6382604907,14,0.01,Unpleasantness/Islam,0.0777631294569,0.0
0.6,3.0,0.0,0.0,0.692307692308,9.0,0.230769230769,3.0,,14,0.01,Gender/Competence,,
1.0,8.0,1.0,8.0,0.666666666667,4.0,0.714285714286,5.0,-0.996726256044,14,0.01,Gender/Sciences,0.00841433224268,0.167124
0.9,9.0,0.8,8.0,0.04,1.0,0.12,3.0,1.44834756172,15,0.01,Pleasantness/Flowers,0.0830838275142,0.0
1.0,5.0,0.8,4.0,0.857142857143,6.0,1.0,7.0,1.55407813003,15,0.01,Gender/Career,0.0764826986739,0.009452
0.9,9.0,0.8,8.0,1.0,10.0,0.2,2.0,1.84516419549,15,0.01,Unpleasantness/Asian,0.0157833374118,0.243214
0.9,9.0,0.8,8.0,1.0,10.0,0.5,5.0,1.84737906722,15,0.01,Unpleasantness/Turkish,0.0661978012947,0.000333
0.9,9.0,0.8,8.0,0.833333333333,5.0,0.5,3.0,1.472318083,15,0.01,Unpleasantness/Islam,0.0777631294569,0.0
0.6,3.0,0.0,0.0,0.692307692308,9.0,0.230769230769,3.0,,15,0.01,Gender/Competence,,
1.0,8.0,1.0,8.0,0.666666666667,4.0,0.714285714286,5.0,-1.14032256668,15,0.01,Gender/Sciences,0.00841433224268,0.166217
0.9,9.0,0.9,9.0,0.04,1.0,0.24,6.0,1.3305847549,16,0.01,Pleasantness/Flowers,0.0563012279432,0.142535
1.0,5.0,0.8,4.0,0.857142857143,6.0,1.0,7.0,1.75095356219,16,0.01,Gender/Career,0.0764826986739,0.009269
0.9,9.0,0.9,9.0,1.0,10.0,0.2,2.0,2.16922991687,16,0.01,Unpleasantness/Asian,0.0203475243839,0.198905
0.9,9.0,0.9,9.0,1.0,10.0,0.6,6.0,1.6005690284,16,0.01,Unpleasantness/Turkish,0.0558427256045,0.002045
0.9,9.0,0.9,9.0,0.833333333333,5.0,0.666666666667,4.0,1.54579841631,16,0.01,Unpleasantness/Islam,0.0822604703588,0.0
0.8,4.0,0.0,0.0,0.692307692308,9.0,0.230769230769,3.0,,16,0.01,Gender/Competence,,
1.0,8.0,1.0,8.0,0.666666666667,4.0,0.714285714286,5.0,1.45243164566,16,0.01,Gender/Sciences,0.00841433224268,0.166636
0.9,9.0,0.7,7.0,0.04,1.0,0.12,3.0,1.52755342523,17,0.01,Pleasantness/Flowers,0.0830838275142,0.0
1.0,5.0,0.8,4.0,0.857142857143,6.0,1.0,7.0,1.02097605623,17,0.01,Gender/Career,0.0764826986739,0.009449
0.9,9.0,0.7,7.0,1.0,10.0,0.1,1.0,1.8758625446,17,0.01,Unpleasantness/Asian,-0.0347984233186,0.908999
0.9,9.0,0.7,7.0,1.0,10.0,0.7,7.0,1.6291496685,17,0.01,Unpleasantness/Turkish,0.0601595627815,0.000838
0.9,9.0,0.7,7.0,0.833333333333,5.0,0.5,3.0,1.51793352353,17,0.01,Unpleasantness/Islam,0.0777631294569,0.0
0.4,2.0,0.0,0.0,0.692307692308,9.0,0.230769230769,3.0,,17,0.01,Gender/Competence,,
1.0,8.0,1.0,8.0,0.666666666667,4.0,0.714285714286,5.0,0.774457513394,17,0.01,Gender/Sciences,0.00841433224268,0.166716
0.9,9.0,0.8,8.0,0.08,2.0,0.12,3.0,1.45259640091,18,0.01,Pleasantness/Flowers,0.0707297228639,0.0
1.0,5.0,0.8,4.0,0.857142857143,6.0,1.0,7.0,1.16311595843,18,0.01,Gender/Career,0.0764826986739,0.009513
0.9,9.0,0.8,8.0,1.0,10.0,0.2,2.0,1.73169035112,18,0.01,Unpleasantness/Asian,0.0157833374118,0.244718
0.9,9.0,0.8,8.0,1.0,10.0,0.5,5.0,1.91985965161,18,0.01,Unpleasantness/Turkish,0.0788389125386,3.1e-05
0.9,9.0,0.8,8.0,0.833333333333,5.0,0.666666666667,4.0,1.56381007946,18,0.01,Unpleasantness/Islam,0.0822604703588,0.0
0.6,3.0,0.0,0.0,0.692307692308,9.0,0.230769230769,3.0,,18,0.01,Gender/Competence,,
1.0,8.0,1.0,8.0,0.666666666667,4.0,0.714285714286,5.0,0.329297269307,18,0.01,Gender/Sciences,0.00841433224268,0.166329
0.9,9.0,0.8,8.0,0.04,1.0,0.04,1.0,1.41421356237,19,0.01,Pleasantness/Flowers,0.086555521573,0.0
1.0,5.0,0.8,4.0,0.857142857143,6.0,1.0,7.0,1.30008156322,19,0.01,Gender/Career,0.0764826986739,0.00933
0.9,9.0,0.8,8.0,1.0,10.0,0.2,2.0,2.12172731112,19,0.01,Unpleasantness/Asian,0.0157833374118,0.244115
0.9,9.0,0.8,8.0,1.0,10.0,0.7,7.0,1.59541714425,19,0.01,Unpleasantness/Turkish,0.0601595627815,0.000837
0.9,9.0,0.8,8.0,1.0,6.0,0.666666666667,4.0,1.51150332106,19,0.01,Unpleasantness/Islam,0.0813400751989,0.0
0.8,4.0,0.0,0.0,0.692307692308,9.0,0.230769230769,3.0,,19,0.01,Gender/Competence,,
1.0,8.0,1.0,8.0,0.666666666667,4.0,0.714285714286,5.0,0.32986836452,19,0.01,Gender/Sciences,0.00841433224268,0.167241
1.0,10.0,1.0,10.0,0.2,5.0,0.44,11.0,-0.100345132032,20,0.05,Pleasantness/Flowers,0.0185573176571,0.174755
1.0,5.0,1.0,5.0,1.0,7.0,1.0,7.0,0.88297255314,20,0.05,Gender/Career,0.0589465894337,0.036411
1.0,10.0,1.0,10.0,1.0,10.0,0.7,7.0,1.33197147448,20,0.05,Unpleasantness/Asian,0.0434639443205,0.010845
1.0,10.0,1.0,10.0,1.0,10.0,0.9,9.0,1.83715735192,20,0.05,Unpleasantness/Turkish,0.0606784192668,0.000251
1.0,10.0,1.0,10.0,1.0,6.0,1.0,6.0,1.51419611198,20,0.05,Unpleasantness/Islam,0.081437254785,0.0
1.0,5.0,0.6,3.0,0.769230769231,10.0,0.538461538462,7.0,-0.44708560776,20,0.05,Gender/Competence,-0.0176504286228,0.811935
1.0,8.0,1.0,8.0,0.833333333333,5.0,0.714285714286,5.0,0.906328156335,20,0.05,Gender/Sciences,0.0102945633815,0.107022
1.0,10.0,1.0,10.0,0.24,6.0,0.4,10.0,1.03671604386,21,0.05,Pleasantness/Flowers,0.0293493937932,0.054443
1.0,5.0,1.0,5.0,1.0,7.0,1.0,7.0,1.43345458963,21,0.05,Gender/Career,0.0589465894337,0.036473
1.0,10.0,1.0,10.0,1.0,10.0,0.6,6.0,1.69348567206,21,0.05,Unpleasantness/Asian,0.0325438354177,0.026239
1.0,10.0,1.0,10.0,1.0,10.0,0.9,9.0,1.78316573899,21,0.05,Unpleasantness/Turkish,0.0606784192668,0.000231
1.0,10.0,1.0,10.0,1.0,6.0,1.0,6.0,1.43940546857,21,0.05,Unpleasantness/Islam,0.081437254785,0.0
1.0,5.0,0.4,2.0,0.846153846154,11.0,0.615384615385,8.0,-0.785866904463,21,0.05,Gender/Competence,-0.0225912563143,0.882659
1.0,8.0,1.0,8.0,0.833333333333,5.0,0.714285714286,5.0,0.512850251461,21,0.05,Gender/Sciences,0.0102945633815,0.1067
1.0,10.0,1.0,10.0,0.2,5.0,0.4,10.0,1.25038360257,22,0.05,Pleasantness/Flowers,0.0201612509063,0.131097
1.0,5.0,1.0,5.0,1.0,7.0,1.0,7.0,0.9875616148,22,0.05,Gender/Career,0.0589465894337,0.036227
1.0,10.0,1.0,10.0,1.0,10.0,0.6,6.0,1.51825171206,22,0.05,Unpleasantness/Asian,0.0325438354177,0.026238
1.0,10.0,1.0,10.0,1.0,10.0,0.9,9.0,1.85858004924,22,0.05,Unpleasantness/Turkish,0.0606784192668,0.00025
1.0,10.0,1.0,10.0,1.0,6.0,1.0,6.0,1.63936672953,22,0.05,Unpleasantness/Islam,0.081437254785,0.0
1.0,5.0,0.6,3.0,0.769230769231,10.0,0.461538461538,6.0,-0.425016860599,22,0.05,Gender/Competence,-0.0143794033676,0.751568
1.0,8.0,1.0,8.0,0.833333333333,5.0,0.714285714286,5.0,0.273407000602,22,0.05,Gender/Sciences,0.0102945633815,0.107034
1.0,10.0,1.0,10.0,0.2,5.0,0.36,9.0,1.17420823396,23,0.05,Pleasantness/Flowers,0.0225782268823,0.114685
1.0,5.0,1.0,5.0,1.0,7.0,1.0,7.0,1.23087303247,23,0.05,Gender/Career,0.0589465894337,0.036107
1.0,10.0,1.0,10.0,1.0,10.0,0.6,6.0,1.30025761331,23,0.05,Unpleasantness/Asian,0.0325438354177,0.026061
1.0,10.0,1.0,10.0,1.0,10.0,0.9,9.0,1.62144522535,23,0.05,Unpleasantness/Turkish,0.0606784192668,0.000207
1.0,10.0,1.0,10.0,1.0,6.0,1.0,6.0,1.61241821012,23,0.05,Unpleasantness/Islam,0.081437254785,0.0
1.0,5.0,0.4,2.0,0.769230769231,10.0,0.615384615385,8.0,-0.596056102474,23,0.05,Gender/Competence,-0.0212425661817,0.867488
1.0,8.0,1.0,8.0,0.833333333333,5.0,0.714285714286,5.0,-0.39640767176,23,0.05,Gender/Sciences,0.0102945633815,0.107564
1.0,10.0,1.0,10.0,0.16,4.0,0.4,10.0,1.0075548193,24,0.05,Pleasantness/Flowers,0.0164672509938,0.201573
1.0,5.0,1.0,5.0,1.0,7.0,1.0,7.0,1.20082916978,24,0.05,Gender/Career,0.0589465894337,0.036168
1.0,10.0,1.0,10.0,1.0,10.0,0.7,7.0,0.911032285269,24,0.05,Unpleasantness/Asian,0.0434639443205,0.01069
1.0,10.0,1.0,10.0,1.0,10.0,0.9,9.0,0.880912123429,24,0.05,Unpleasantness/Turkish,0.0606784192668,0.000212
1.0,10.0,1.0,10.0,1.0,6.0,1.0,6.0,1.45316248913,24,0.05,Unpleasantness/Islam,0.081437254785,0.0
1.0,5.0,0.4,2.0,0.769230769231,10.0,0.615384615385,8.0,-0.96126746648,24,0.05,Gender/Competence,-0.0226422530677,0.878745
1.0,8.0,1.0,8.0,0.833333333333,5.0,0.714285714286,5.0,0.480055472145,24,0.05,Gender/Sciences,0.0102945633815,0.106699
1.0,10.0,1.0,10.0,0.2,5.0,0.44,11.0,1.34526678038,25,0.05,Pleasantness/Flowers,0.0202430038295,0.123238
1.0,5.0,1.0,5.0,1.0,7.0,1.0,7.0,1.14955711651,25,0.05,Gender/Career,0.0589465894337,0.036296
1.0,10.0,1.0,10.0,1.0,10.0,0.7,7.0,1.26392241416,25,0.05,Unpleasantness/Asian,0.0434639443205,0.010813
1.0,10.0,1.0,10.0,1.0,10.0,0.9,9.0,1.64974686485,25,0.05,Unpleasantness/Turkish,0.0606784192668,0.000211
1.0,10.0,1.0,10.0,1.0,6.0,1.0,6.0,1.71950805263,25,0.05,Unpleasantness/Islam,0.081437254785,0.0
1.0,5.0,0.4,2.0,0.769230769231,10.0,0.615384615385,8.0,0.326111658677,25,0.05,Gender/Competence,-0.0212425661817,0.867838
1.0,8.0,1.0,8.0,0.833333333333,5.0,0.714285714286,5.0,1.36377130577,25,0.05,Gender/Sciences,0.0102945633815,0.106588
1.0,10.0,1.0,10.0,0.16,4.0,0.36,9.0,0.993644797834,26,0.05,Pleasantness/Flowers,0.0188842269698,0.178568
1.0,5.0,1.0,5.0,1.0,7.0,1.0,7.0,1.2233140777,26,0.05,Gender/Career,0.0589465894337,0.0361
1.0,10.0,1.0,10.0,1.0,10.0,0.6,6.0,1.25017123672,26,0.05,Unpleasantness/Asian,0.0325438354177,0.026361
1.0,10.0,1.0,10.0,1.0,10.0,0.9,9.0,1.65693412508,26,0.05,Unpleasantness/Turkish,0.0606784192668,0.00024
1.0,10.0,1.0,10.0,1.0,6.0,1.0,6.0,1.61257494401,26,0.05,Unpleasantness/Islam,0.081437254785,0.0
1.0,5.0,0.4,2.0,0.769230769231,10.0,0.692307692308,9.0,-1.18932145202,26,0.05,Gender/Competence,-0.0200701260905,0.868629
1.0,8.0,1.0,8.0,0.833333333333,5.0,0.714285714286,5.0,1.51960257562,26,0.05,Gender/Sciences,0.0102945633815,0.107699
1.0,10.0,1.0,10.0,0.12,3.0,0.36,9.0,1.36834436685,27,0.05,Pleasantness/Flowers,0.0272548611943,0.12234
1.0,5.0,1.0,5.0,1.0,7.0,1.0,7.0,1.240309788,27,0.05,Gender/Career,0.0589465894337,0.03605
1.0,10.0,1.0,10.0,1.0,10.0,0.6,6.0,1.67663646281,27,0.05,Unpleasantness/Asian,0.0329424212389,0.024756
1.0,10.0,1.0,10.0,1.0,10.0,0.8,8.0,1.84291330107,27,0.05,Unpleasantness/Turkish,0.0636281968987,0.000376
1.0,10.0,1.0,10.0,1.0,6.0,1.0,6.0,1.84714263644,27,0.05,Unpleasantness/Islam,0.081437254785,0.0
1.0,5.0,0.4,2.0,0.769230769231,10.0,0.615384615385,8.0,-0.573716441875,27,0.05,Gender/Competence,-0.0212425661817,0.868124
1.0,8.0,1.0,8.0,0.833333333333,5.0,0.714285714286,5.0,-0.524695224067,27,0.05,Gender/Sciences,0.0102945633815,0.106871
1.0,10.0,1.0,10.0,0.24,6.0,0.36,9.0,0.448118779063,28,0.05,Pleasantness/Flowers,0.0220542025919,0.098705
1.0,5.0,1.0,5.0,1.0,7.0,1.0,7.0,1.36024488597,28,0.05,Gender/Career,0.0589465894337,0.036306
1.0,10.0,1.0,10.0,1.0,10.0,0.7,7.0,1.57961563432,28,0.05,Unpleasantness/Asian,0.0434639443205,0.010924
1.0,10.0,1.0,10.0,1.0,10.0,0.9,9.0,1.64666423078,28,0.05,Unpleasantness/Turkish,0.0606784192668,0.000231
1.0,10.0,1.0,10.0,1.0,6.0,1.0,6.0,1.09163885287,28,0.05,Unpleasantness/Islam,0.081437254785,0.0
1.0,5.0,0.4,2.0,0.769230769231,10.0,0.615384615385,8.0,-0.80970925359,28,0.05,Gender/Competence,-0.0212425661817,0.8678
1.0,8.0,1.0,8.0,0.833333333333,5.0,0.714285714286,5.0,1.19168420552,28,0.05,Gender/Sciences,0.0102945633815,0.107265
1.0,10.0,1.0,10.0,0.16,4.0,0.4,10.0,0.763905955287,29,0.05,Pleasantness/Flowers,0.0213952102869,0.149157
1.0,5.0,1.0,5.0,1.0,7.0,1.0,7.0,1.35470065722,29,0.05,Gender/Career,0.0589465894337,0.036317
1.0,10.0,1.0,10.0,1.0,10.0,0.5,5.0,1.4150099729,29,0.05,Unpleasantness/Asian,0.0301516904581,0.048503
1.0,10.0,1.0,10.0,1.0,10.0,0.9,9.0,1.49299845794,29,0.05,Unpleasantness/Turkish,0.0606784192668,0.000211
1.0,10.0,1.0,10.0,1.0,6.0,1.0,6.0,1.67795626436,29,0.05,Unpleasantness/Islam,0.081437254785,0.0
1.0,5.0,0.6,3.0,0.769230769231,10.0,0.615384615385,8.0,-0.200022118111,29,0.05,Gender/Competence,-0.0212425661817,0.867545
1.0,8.0,1.0,8.0,0.833333333333,5.0,0.714285714286,5.0,1.18799629257,29,0.05,Gender/Sciences,0.0102945633815,0.106669
1.0,10.0,1.0,10.0,0.32,8.0,0.6,15.0,0.550569127513,30,0.1,Pleasantness/Flowers,0.00580988275706,0.360863
1.0,5.0,1.0,5.0,1.0,7.0,1.0,7.0,1.07778786671,30,0.1,Gender/Career,0.0589465894337,0.036303
1.0,10.0,1.0,10.0,1.0,10.0,0.8,8.0,1.40696468055,30,0.1,Unpleasantness/Asian,0.0426086360627,0.007235
1.0,10.0,1.0,10.0,1.0,10.0,0.9,9.0,1.80884708215,30,0.1,Unpleasantness/Turkish,0.0606784192668,0.000231
1.0,10.0,1.0,10.0,1.0,6.0,1.0,6.0,1.61101608804,30,0.1,Unpleasantness/Islam,0.081437254785,0.0
1.0,5.0,0.8,4.0,0.923076923077,12.0,0.769230769231,10.0,-0.437102709755,30,0.1,Gender/Competence,-0.0347137619648,0.969427
1.0,8.0,1.0,8.0,0.833333333333,5.0,0.714285714286,5.0,0.139755069623,30,0.1,Gender/Sciences,0.0102945633815,0.107466
1.0,10.0,1.0,10.0,0.32,8.0,0.52,13.0,0.932408272317,31,0.1,Pleasantness/Flowers,0.0240111999913,0.064281
1.0,5.0,1.0,5.0,1.0,7.0,1.0,7.0,1.2655712166,31,0.1,Gender/Career,0.0589465894337,0.036329
1.0,10.0,1.0,10.0,1.0,10.0,0.8,8.0,1.23737585681,31,0.1,Unpleasantness/Asian,0.0426086360627,0.007265
1.0,10.0,1.0,10.0,1.0,10.0,0.9,9.0,1.64448399705,31,0.1,Unpleasantness/Turkish,0.0606784192668,0.00021
1.0,10.0,1.0,10.0,1.0,6.0,1.0,6.0,1.62876852067,31,0.1,Unpleasantness/Islam,0.081437254785,0.0
1.0,5.0,0.6,3.0,0.846153846154,11.0,0.692307692308,9.0,-0.124954439515,31,0.1,Gender/Competence,-0.0247420630722,0.914737
1.0,8.0,1.0,8.0,0.833333333333,5.0,0.714285714286,5.0,1.38244489906,31,0.1,Gender/Sciences,0.0102945633815,0.106627
1.0,10.0,1.0,10.0,0.32,8.0,0.56,14.0,0.980025216117,32,0.1,Pleasantness/Flowers,0.019187501538,0.151314
1.0,5.0,1.0,5.0,1.0,7.0,1.0,7.0,1.32432624449,32,0.1,Gender/Career,0.0589465894337,0.03613
1.0,10.0,1.0,10.0,1.0,10.0,0.8,8.0,0.788858397728,32,0.1,Unpleasantness/Asian,0.0426086360627,0.007203
1.0,10.0,1.0,10.0,1.0,10.0,0.9,9.0,1.68651790032,32,0.1,Unpleasantness/Turkish,0.0606784192668,0.000243
1.0,10.0,1.0,10.0,1.0,6.0,1.0,6.0,1.39401704824,32,0.1,Unpleasantness/Islam,0.081437254785,0.0
1.0,5.0,0.8,4.0,0.846153846154,11.0,0.769230769231,10.0,-0.3004893361,32,0.1,Gender/Competence,-0.0284935528813,0.946729
1.0,8.0,1.0,8.0,0.833333333333,5.0,0.714285714286,5.0,1.06503936741,32,0.1,Gender/Sciences,0.0102945633815,0.107877
1.0,10.0,1.0,10.0,0.4,10.0,0.56,14.0,0.891362522478,33,0.1,Pleasantness/Flowers,0.018330590349,0.135747
1.0,5.0,1.0,5.0,1.0,7.0,1.0,7.0,1.36937550684,33,0.1,Gender/Career,0.0589465894337,0.036251
1.0,10.0,1.0,10.0,1.0,10.0,0.8,8.0,0.933309044697,33,0.1,Unpleasantness/Asian,0.0426086360627,0.007256
1.0,10.0,1.0,10.0,1.0,10.0,0.9,9.0,1.71780290756,33,0.1,Unpleasantness/Turkish,0.0606784192668,0.000246
1.0,10.0,1.0,10.0,1.0,6.0,1.0,6.0,1.70728871779,33,0.1,Unpleasantness/Islam,0.081437254785,0.0
1.0,5.0,0.6,3.0,0.846153846154,11.0,0.769230769231,10.0,-0.811644503344,33,0.1,Gender/Competence,-0.0284935528813,0.94677
1.0,8.0,1.0,8.0,0.833333333333,5.0,0.714285714286,5.0,0.859978970802,33,0.1,Gender/Sciences,0.0102945633815,0.107073
1.0,10.0,1.0,10.0,0.4,10.0,0.52,13.0,0.83808831115,34,0.1,Pleasantness/Flowers,0.0181221155376,0.149051
1.0,5.0,1.0,5.0,1.0,7.0,1.0,7.0,1.43150745572,34,0.1,Gender/Career,0.0589465894337,0.036303
1.0,10.0,1.0,10.0,1.0,10.0,0.8,8.0,1.1493312118,34,0.1,Unpleasantness/Asian,0.0426086360627,0.007186
1.0,10.0,1.0,10.0,1.0,10.0,0.9,9.0,1.57036103778,34,0.1,Unpleasantness/Turkish,0.0606784192668,0.000234
1.0,10.0,1.0,10.0,1.0,6.0,1.0,6.0,1.28035530908,34,0.1,Unpleasantness/Islam,0.081437254785,0.0
1.0,5.0,0.6,3.0,0.846153846154,11.0,0.769230769231,10.0,-0.456595550558,34,0.1,Gender/Competence,-0.0284935528813,0.946889
1.0,8.0,1.0,8.0,0.833333333333,5.0,0.714285714286,5.0,1.21869101835,34,0.1,Gender/Sciences,0.0102945633815,0.107164
1.0,10.0,1.0,10.0,0.36,9.0,0.56,14.0,0.807057700814,35,0.1,Pleasantness/Flowers,0.0130788752788,0.218936
1.0,5.0,1.0,5.0,1.0,7.0,1.0,7.0,1.20200391442,35,0.1,Gender/Career,0.0589465894337,0.03623
1.0,10.0,1.0,10.0,1.0,10.0,0.8,8.0,0.600448292762,35,0.1,Unpleasantness/Asian,0.0426086360627,0.007232
1.0,10.0,1.0,10.0,1.0,10.0,0.9,9.0,1.57673526339,35,0.1,Unpleasantness/Turkish,0.0606784192668,0.000207
1.0,10.0,1.0,10.0,1.0,6.0,1.0,6.0,1.46568778498,35,0.1,Unpleasantness/Islam,0.081437254785,0.0
1.0,5.0,0.6,3.0,0.846153846154,11.0,0.769230769231,10.0,0.404150605757,35,0.1,Gender/Competence,-0.0284935528813,0.94706
1.0,8.0,1.0,8.0,0.833333333333,5.0,0.714285714286,5.0,1.3685677604,35,0.1,Gender/Sciences,0.0102945633815,0.107872
1.0,10.0,1.0,10.0,0.36,9.0,0.56,14.0,1.02925444353,36,0.1,Pleasantness/Flowers,0.01213706744,0.231808
1.0,5.0,1.0,5.0,1.0,7.0,1.0,7.0,1.28845838997,36,0.1,Gender/Career,0.0589465894337,0.036357
1.0,10.0,1.0,10.0,1.0,10.0,0.7,7.0,1.57771512062,36,0.1,Unpleasantness/Asian,0.0434639443205,0.010796
1.0,10.0,1.0,10.0,1.0,10.0,0.9,9.0,1.77446574897,36,0.1,Unpleasantness/Turkish,0.0606784192668,0.000223
1.0,10.0,1.0,10.0,1.0,6.0,1.0,6.0,1.64959209339,36,0.1,Unpleasantness/Islam,0.081437254785,0.0
1.0,5.0,0.6,3.0,0.846153846154,11.0,0.769230769231,10.0,-0.244580130689,36,0.1,Gender/Competence,-0.0284935528813,0.946591
1.0,8.0,1.0,8.0,0.833333333333,5.0,0.714285714286,5.0,1.51341467304,36,0.1,Gender/Sciences,0.0102945633815,0.107276
1.0,10.0,1.0,10.0,0.4,10.0,0.56,14.0,0.480822357944,37,0.1,Pleasantness/Flowers,0.018330590349,0.134898
1.0,5.0,1.0,5.0,1.0,7.0,1.0,7.0,1.40441757245,37,0.1,Gender/Career,0.0589465894337,0.0362
1.0,10.0,1.0,10.0,1.0,10.0,0.8,8.0,1.13271062112,37,0.1,Unpleasantness/Asian,0.0426086360627,0.007255
1.0,10.0,1.0,10.0,1.0,10.0,0.9,9.0,1.51397047,37,0.1,Unpleasantness/Turkish,0.0606784192668,0.000226
1.0,10.0,1.0,10.0,1.0,6.0,1.0,6.0,1.63682872944,37,0.1,Unpleasantness/Islam,0.081437254785,0.0
1.0,5.0,0.8,4.0,0.846153846154,11.0,0.769230769231,10.0,-0.673798568494,37,0.1,Gender/Competence,-0.0284935528813,0.947303
1.0,8.0,1.0,8.0,0.833333333333,5.0,0.714285714286,5.0,0.699924008639,37,0.1,Gender/Sciences,0.0102945633815,0.107316
1.0,10.0,1.0,10.0,0.4,10.0,0.56,14.0,0.877976483703,38,0.1,Pleasantness/Flowers,0.0244318474103,0.09557
1.0,5.0,1.0,5.0,1.0,7.0,1.0,7.0,1.35702641985,38,0.1,Gender/Career,0.0589465894337,0.036351
1.0,10.0,1.0,10.0,1.0,10.0,0.8,8.0,1.45458608691,38,0.1,Unpleasantness/Asian,0.0426086360627,0.007359
1.0,10.0,1.0,10.0,1.0,10.0,0.9,9.0,1.59534297643,38,0.1,Unpleasantness/Turkish,0.0606784192668,0.000251
1.0,10.0,1.0,10.0,1.0,6.0,1.0,6.0,1.52589250451,38,0.1,Unpleasantness/Islam,0.081437254785,0.0
1.0,5.0,0.6,3.0,0.846153846154,11.0,0.769230769231,10.0,-0.598203748856,38,0.1,Gender/Competence,-0.0284935528813,0.946603
1.0,8.0,1.0,8.0,0.833333333333,5.0,0.714285714286,5.0,1.09771235644,38,0.1,Gender/Sciences,0.0102945633815,0.106867
1.0,10.0,1.0,10.0,0.32,8.0,0.56,14.0,1.0861396203,39,0.1,Pleasantness/Flowers,0.0248244229699,0.052179
1.0,5.0,1.0,5.0,1.0,7.0,1.0,7.0,1.37057805956,39,0.1,Gender/Career,0.0589465894337,0.036195
1.0,10.0,1.0,10.0,1.0,10.0,0.8,8.0,1.11666964517,39,0.1,Unpleasantness/Asian,0.0426086360627,0.007212
1.0,10.0,1.0,10.0,1.0,10.0,0.9,9.0,1.68962576586,39,0.1,Unpleasantness/Turkish,0.0606784192668,0.000195
1.0,10.0,1.0,10.0,1.0,6.0,1.0,6.0,1.57884044788,39,0.1,Unpleasantness/Islam,0.081437254785,0.0
1.0,5.0,0.8,4.0,0.846153846154,11.0,0.769230769231,10.0,-0.52986962005,39,0.1,Gender/Competence,-0.0284935528813,0.947033
1.0,8.0,1.0,8.0,0.833333333333,5.0,0.714285714286,5.0,1.37097547063,39,0.1,Gender/Sciences,0.0102945633815,0.106672
